{"count":1,"gauges":{},"self":31.684655999999997,"total":33.4194539,"children":{"AgentResetIfDone":{"count":1642,"self":0.012903099999999999,"total":0.012903099999999999,"children":null},"AgentSendState":{"count":1642,"self":0.0337677,"total":0.047670899999999995,"children":{"CollectObservations":{"count":3288,"self":0.0139032,"total":0.0139032,"children":null}}},"DecideAction":{"count":1642,"self":1.4521800999999999,"total":1.6154271999999998,"children":{"RayPerceptionSensor.Perceive":{"count":3288,"self":0.1632471,"total":0.1632471,"children":null}}},"AcademyStep":{"count":1642,"self":0.0030017999999999998,"total":0.0030017999999999998,"children":null},"AgentAct":{"count":1642,"self":0.0547989,"total":0.0547989,"children":null}}}