{"count":1,"gauges":{},"self":120.0109056,"total":124.67503459999999,"children":{"AgentResetIfDone":{"count":5814,"self":0.1553521,"total":0.1553521,"children":null},"AgentSendState":{"count":5814,"self":0.1481495,"total":0.2079413,"children":{"CollectObservations":{"count":11632,"self":0.0597918,"total":0.0597918,"children":null}}},"DecideAction":{"count":5814,"self":3.1592792,"total":4.0077393,"children":{"RayPerceptionSensor.Perceive":{"count":11632,"self":0.8484602,"total":0.8484602,"children":null}}},"AcademyStep":{"count":5814,"self":0.021938299999999997,"total":0.021938299999999997,"children":null},"AgentAct":{"count":5814,"self":0.27015639999999996,"total":0.27015639999999996,"children":null}}}